futures,opening time,average entry price,average closing price,closed amount,closed value,position pnl,realized pnl,funding fees,position fee,closed time
HYPEUSDT Long·CROSS,2026-09-03T05:18:11Z,82,83.657,0.28 HYPE,23.42396,0.46396,0.449093523,-0.002282493,0.012583984,2026-09-03T15:33:00Z
ADAUSDT Short·CROSS,2026-09-07T12:06:31Z,0.22,0.2301,186 ADA,42.7986,-1.8786,-1.887188879,0.014259361,0.02284824,2026-09-08T15:30:52Z
BTCUSDT Short·CROSS,2026-09-03T15:03:41Z,80850,76900.1,0.0014 BTC,107.66014,5.52986,5.395898107,-0.075051237,0.058910656,2026-09-10T13:45:09Z
SOLUSDT Short·CROSS,2026-09-07T12:06:31Z,105,99.34,0.63 SOL,62.5842,3.5658,3.546895903,0.015390583,0.03429468,2026-09-10T13:51:59Z
ETHUSDT Long·CROSS,2026-09-11T12:30:18Z,2436,2510.56,0.051 ETH,128.03856,3.80256,3.733951536,0,0.068608464,2026-09-11T12:52:52Z
SOLUSDT Long·CROSS,2026-09-11T01:33:45Z,98.77,101.69,0.58 SOL,58.9802,1.6936,1.659502684,-0.002485112,0.031612204,2026-09-11T12:52:52Z
FARTCOINUSDT Long·CROSS,2026-09-11T10:32:34Z,0.1393,0.146,191.7 FARTCOIN,27.9882,1.28439,1.268110453,-0.001345734,0.014933813,2026-09-11T12:52:52Z
THETAUSDT Short·CROSS,2026-09-12T09:09:53Z,0.1888,0.1979,199.5 THETA,39.48105,-1.81545,-1.8386718,0.00763686,0.03085866,2026-09-13T01:10:37Z
USELESSUSDT Long·CROSS,2026-09-13T04:11:35Z,0.23,0.20911,85 USELESS,17.77435,-1.77565,-1.787373668,-0.001876928,0.00984674,2026-09-13T13:26:12Z
HYPEUSDT Long·CROSS,2026-09-12T10:51:25Z,78.23835784,76.41579902,2.04 HYPE,155.88823,-3.71802,-3.824075197,-0.02135503,0.084700167,2026-09-15T18:42:30Z
LTCUSDT Long·CROSS,2026-09-15T05:10:36Z,52.7,50.99,1.111 LTC,56.64989,-1.89981,-1.935683138,-0.005016224,0.030856914,2026-09-15T18:45:41Z
FARTCOINUSDT Long·CROSS,2026-09-15T13:39:19Z,0.1406,0.1347,317.5 FARTCOIN,42.76725,-1.87325,-1.898837008,-0.002230438,0.02335657,2026-09-15T18:45:51Z
SUIUSDT Long·CROSS,2026-09-15T07:50:25Z,0.7055,0.7062,42 SUI,29.6604,0.0294,0.006075845,-0.007311655,0.0160125,2026-09-16T19:49:36Z
XPLUSDT Long·CROSS,2026-09-15T07:50:40Z,0.08175,0.08195,289 XPL,23.68355,0.0578,0.036149796,-0.008869179,0.012781025,2026-09-17T04:38:40Z
NEARUSDT Short·CROSS,2026-09-17T12:26:04Z,2.879,2.974,16 NEAR,47.584,-1.52,-1.5528576,0.0046016,0.0374592,2026-09-17T16:53:10Z
BTCUSDT Long·CROSS,2026-09-17T05:57:12Z,76300,80920,0.0009 BTC,72.828,4.158,4.100118043,-0.019136957,0.038745,2026-09-18T15:22:51Z
ETHUSDT Long·CROSS,2026-09-17T10:22:01Z,2430.32,2581.78,0.024 ETH,61.96272,3.63504,3.59277733,-0.009311706,0.032950963,2026-09-18T15:22:51Z
ETHUSDT Short·CROSS,2026-09-18T16:07:12Z,2591,2651.23,0.03 ETH,79.5369,-1.8069,-1.83388479,0.01571217,0.04269696,2026-09-19T08:20:46Z
BTCUSDT Short·CROSS,2026-09-18T16:06:11Z,80835.2,80507.2,0.0007 BTC,56.35504,0.2296,0.172878114,-0.026258021,0.030463866,2026-09-20T14:27:54Z
TIAUSDT Short·CROSS,2026-09-22T07:09:43Z,0.44,0.4484,230 TIA,103.132,-1.932,-1.98229985,0.00512095,0.0554208,2026-09-22T08:06:49Z
BTCUSDT Short·CROSS,2026-09-21T20:27:29Z,87370.9,86220,0.0004 BTC,34.488,0.46036,0.435709342,-0.005962688,0.01868797,2026-09-22T14:00:18Z
PENGUUSDT Short·CROSS,2026-09-22T07:12:00Z,0.009125,0.009061,6907 PENGU,62.584327,0.442048,0.414450736,0.006260159,0.033857423,2026-09-22T14:10:10Z
FARTCOINUSDT Long·CROSS,2026-09-23T14:06:16Z,0.1951,0.18,137.6 FARTCOIN,24.768,-2.07776,-2.093961574,-0.002535968,0.013665606,2026-09-23T20:04:47Z
CLUSDT Short·CROSS,2026-09-23T18:38:55Z,92.7,94.03,1 CL,94.03,-1.33,-1.381247748,-0.000657748,0.05059,2026-09-24T08:13:43Z
SOLUSDT Long·CROSS,2026-09-23T16:01:18Z,113.5,120.08,0.43 SOL,51.6344,2.8294,2.79078837,-0.01112517,0.02748646,2026-09-25T11:06:32Z
KITEUSDT Long·CROSS,2026-09-25T10:59:02Z,0.1305,0.15189,183 KITE,27.79587,3.91437,3.882064149,-0.017844093,0.014461758,2026-09-26T21:48:02Z
BTCUSDT Short·CROSS,2026-09-27T19:41:49Z,84750,83497,0.0035 BTC,292.2395,4.3855,4.232484634,0.005407934,0.1584233,2026-09-28T02:32:29Z
XAUUSDT Long·CROSS,2026-09-28T05:33:17Z,4190,4149.44,0.045 XAU,186.7248,-1.8252,-1.948906242,-0.022619322,0.10108692,2026-09-28T08:29:37Z
XPLUSDT Long·CROSS,2026-09-28T05:31:26Z,0.1033,0.09996,572 XPL,57.17712,-1.91048,-1.944536594,-0.002913482,0.031143112,2026-09-28T09:04:41Z
FARTCOINUSDT Long·CROSS,2026-09-24T01:51:02Z,0.1825,0.1649,97.5 FARTCOIN,16.07775,-1.716,-1.770186925,-0.0452647,0.008922225,2026-09-28T14:52:10Z
KAITOUSDT Long·CROSS,2026-09-23T16:46:43Z,0.323,0.3233,46.1 KAITO,14.90413,0.01383,-0.019871866,-0.025655572,0.008046294,2026-09-29T01:19:50Z
BNBUSDT Short·CROSS,2026-09-28T12:44:52Z,768,758.97,0.15 BNB,113.8455,1.3545,1.293330969,0.000497169,0.0616662,2026-09-29T03:57:05Z
ASTERUSDT Long·CROSS,2026-09-23T16:01:34Z,0.6802,0.7141,59 ASTER,42.1319,2.0001,1.910035589,-0.067593199,0.022471212,2026-09-29T06:00:15Z
CLUSDT Short·CROSS,2026-09-23T18:38:55Z,92.7,94.03,1 CL,94.03,-1.33,-1.381247748,-0.000657748,0.05059,2026-09-24T08:13:43Z
KITEUSDT Long·CROSS,2026-09-25T10:59:02Z,0.1305,0.15189,183 KITE,27.79587,3.91437,3.882064149,-0.017844093,0.014461758,2026-09-26T21:48:02Z
BTCUSDT Short·CROSS,2026-09-27T19:41:49Z,84750,83497,0.0035 BTC,292.2395,4.3855,4.232484634,0.005407934,0.1584233,2026-09-28T02:32:29Z
XAUUSDT Long·CROSS,2026-09-28T05:33:17Z,4190,4149.44,0.045 XAU,186.7248,-1.8252,-1.948906242,-0.022619322,0.10108692,2026-09-28T08:29:37Z
XPLUSDT Long·CROSS,2026-09-28T05:31:26Z,0.1033,0.09996,572 XPL,57.17712,-1.91048,-1.944536594,-0.002913482,0.031143112,2026-09-28T09:04:41Z
FARTCOINUSDT Long·CROSS,2026-09-24T01:51:02Z,0.1825,0.1649,97.5 FARTCOIN,16.07775,-1.716,-1.770186925,-0.0452647,0.008922225,2026-09-28T14:52:10Z
KAITOUSDT Long·CROSS,2026-09-23T16:46:43Z,0.323,0.3233,46.1 KAITO,14.90413,0.01383,-0.019871866,-0.025655572,0.008046294,2026-09-29T01:19:50Z
BNBUSDT Short·CROSS,2026-09-28T12:44:52Z,768,758.97,0.15 BNB,113.8455,1.3545,1.293330969,0.000497169,0.0616662,2026-09-29T03:57:05Z
